{
  "rims": [
    {
      "brand": "BBS",
      "model": "CH-R",
      "size": "Medium",
      "material": "Aluminum Alloy",
      "color": "Matte Black",
      "price": 35099,
      "image_url": "https://www.llantasonline.es/storage/images/image?remote=https%3A%2F%2Fwww.llantasonline.es%2FWebRoot%2FStoreES2%2FShops%2F17707068%2F560D%2F47C0%2F821B%2F533A%2FCB4E%2FC0A8%2F2BBA%2FEC4C%2Fbbs-ch-r-schwarz-matt.jpg&shop=17707068&width=527&height=2560"
    },
    {
      "brand": "Enkei",
      "model": "RPF1",
      "size": "Small",
      "material": "Aluminum",
      "color": "Silver",
      "price": 25050,
      "image_url": "https://enkei.com/wp-content/uploads/2019/12/ENKEI-RPF1-GG-120-WEB.jpg"
    },
    {
      "brand": "OZ Racing",
      "model": "Ultraleggera",
      "size": "Large",
      "material": "Forged Aluminum",
      "color": "Gloss Black",
      "price": 45075,
      "image_url": "https://llantasyruedas.es/2390-thickbox_default/llanta-para-coche-oz-racing-Alleggerita-hlt.jpg"
    },
    {
      "brand": "Rotiform",
      "model": "BLQ",
      "size": "Large",
      "material": "Cast Aluminum",
      "color": "Bronze",
      "price": 40000,
      "image_url": "https://www.selcus.com/2608-large_default/llanta-rotiform-blq.jpg"
    },
    {
      "brand": "HRE",
      "model": "FF01",
      "size": "Large",
      "material": "FlowForm Aluminum",
      "color": "Satin Silver",
      "price": 55000,
      "image_url": "https://www.lupocarwrapping.com/wp-content/uploads/2019/10/919-1.jpg"
    },
    {
      "brand": "Vossen",
      "model": "HF-3",
      "size": "Medium",
      "material": "Hybrid Forged Aluminum",
      "color": "Gloss Graphite",
      "price": 48099,
      "image_url": "https://vossenwheels.com/wp-content/uploads/2018/12/HF3-hero-GGP-angle.jpg"
    },
    {
      "brand": "Advanti Racing",
      "model": "Storm S1",
      "size": "Small",
      "material": "Cast Aluminum",
      "color": "Matte Bronze",
      "price": 23000,
      "image_url": "https://static.wixstatic.com/media/f89274_d0cac9299aeb49dabedf6d40d78c70b6~mv2.jpg/v1/fill/w_500,h_456,al_c,q_80,usm_0.66_1.00_0.01,enc_auto/f89274_d0cac9299aeb49dabedf6d40d78c70b6~mv2.jpg"
    },
    {
      "brand": "Konig",
      "model": "Hypergram",
      "size": "Medium",
      "material": "FlowForm Aluminum",
      "color": "Metallic Red",
      "price": 30050,
      "image_url": "https://ventimacchine.es/107579-thickbox_default/konig-wheels-espana-hypergram.jpg"
    },
    {
      "brand": "Fuel",
      "model": "D579 Vapor",
      "size": "Large",
      "material": "Aluminum Alloy",
      "color": "Gloss Black Milled",
      "price": 52099,
      "image_url": "https://www.racealtered-import.com/shop/162214-large_default/fuel-d579-vector-16x8-6x1143-et15-noir-mat.jpg"
    },
    {
      "brand": "American Racing",
      "model": "Torq Thrust",
      "size": "Small",
      "material": "Cast Aluminum",
      "color": "Chrome",
      "price": 27075,
      "image_url": "https://www.americanracing.com/media/catalog/product/1/4/146760a58bd732a08acde54748fd0be44b0b7785fbfdfac731e40deae1f68cb9.jpeg?quality=80&fit=bounds&height=&width="
    }
  ]
}
